Id	Label
0	9
1	0
2	3
3	5
4	6
5	3
6	5
7	3
8	1
9	9
10	8
11	8
12	5
13	8
14	6
15	9
16	0
17	1
18	0
19	3
20	8
21	7
22	8
23	5
24	4
25	3
26	2
27	7
28	6
29	4
30	5
31	7
32	5
33	1
34	7
35	2
36	9
37	3
38	6
39	9
40	2
41	6
42	8
43	8
44	2
45	9
46	1
47	6
48	6
49	2
50	3
51	9
52	8
53	0
54	1
55	3
56	6
57	9
58	2
59	6
60	0
61	8
62	5
63	8
64	0
65	9
66	8
67	3
68	9
69	7
70	0
71	5
72	4
73	1
74	1
75	8
76	5
77	7
78	0
79	6
80	9
81	4
82	6
83	0
84	2
85	1
86	6
87	7
88	0
89	7
90	2
91	0
92	7
93	8
94	6
95	0
96	6
97	6
98	1
99	9
100	1
101	8
102	1
103	8
104	9
105	8
106	9
107	2
108	1
109	4
110	2
111	0
112	3
113	3
114	4
115	3
116	4
117	0
118	5
119	3
120	6
121	2
122	7
123	2
124	7
125	5
126	2
127	3
128	3
129	3
130	4
131	5
132	4
133	4
134	4
135	6
136	8
137	9
138	2
139	0
140	3
141	0
142	0
143	0
144	2
145	3
146	0
147	4
148	9
149	5
150	1
151	3
152	6
153	4
154	8
155	8
156	0
157	7
158	7
159	0
160	3
161	3
162	3
163	8
164	0
165	2
166	4
167	1
168	1
169	7
170	9
171	1
172	7
173	7
174	9
175	5
176	2
177	4
178	4
179	6
180	0
181	4
182	2
183	6
184	6
185	0
186	9
187	7
188	5
189	1
190	5
191	4
192	9
193	7
194	4
195	0
196	7
197	1
198	8
199	5
200	4
201	8
202	1
203	5
204	6
205	4
206	0
207	0
208	4
209	7
210	1
211	4
212	4
213	7
214	4
215	1
216	9
217	2
218	0
219	0
220	1
221	3
222	8
223	7
224	4
225	1
226	6
227	3
228	7
229	1
230	0
231	0
232	9
233	6
234	2
235	0
236	3
237	1
238	7
239	5
240	6
241	0
242	0
243	8
244	2
245	7
246	5
247	1
248	3
249	4
250	3
251	8
252	4
253	9
254	1
255	4
256	6
257	7
258	7
259	1
260	6
261	8
262	2
263	2
264	4
265	6
266	6
267	1
268	4
269	7
270	6
271	8
272	1
273	0
274	9
275	1
276	8
277	2
278	8
279	5
280	3
281	7
282	3
283	2
284	8
285	6
286	4
287	6
288	4
289	9
290	6
291	5
292	6
293	4
294	6
295	4
296	0
297	9
298	6
299	5
300	6
301	2
302	3
303	5
304	1
305	0
306	1
307	0
308	8
309	0
310	1
311	5
312	3
313	0
314	2
315	8
316	5
317	6
318	2
319	8
320	3
321	5
322	1
323	5
324	6
325	4
326	5
327	6
328	7
329	9
330	5
331	1
332	8
333	7
334	0
335	6
336	7
337	2
338	4
339	2
340	1
341	8
342	5
343	8
344	0
345	3
346	9
347	0
348	6
349	5
350	7
351	2
352	9
353	6
354	3
355	7
356	0
357	2
358	8
359	4
360	6
361	2
362	0
363	3
364	9
365	6
366	4
367	8
368	8
369	9
370	8
371	2
372	5
373	2
374	8
375	2
376	9
377	3
378	9
379	4
380	5
381	7
382	5
383	1
384	7
385	8
386	2
387	3
388	2
389	1
390	3
391	1
392	7
393	1
394	1
395	2
396	7
397	3
398	0
399	1
400	8
401	7
402	2
403	2
404	1
405	7
406	3
407	5
408	1
409	5
410	1
411	1
412	7
413	5
414	5
415	6
416	9
417	4
418	7
419	8
420	8
421	0
422	6
423	6
424	0
425	1
426	8
427	8
428	4
429	6
430	1
431	2
432	3
433	0
434	0
435	1
436	6
437	4
438	0
439	0
440	5
441	5
442	4
443	6
444	5
445	2
446	4
447	5
448	2
449	9
450	2
451	4
452	8
453	8
454	1
455	2
456	9
457	4
458	5
459	3
460	5
461	2
462	8
463	8
464	2
465	7
466	3
467	1
468	0
469	4
470	4
471	6
472	2
473	3
474	3
475	6
476	7
477	4
478	3
479	3
480	7
481	3
482	8
483	3
484	9
485	1
486	7
487	5
488	2
489	5
490	9
491	8
492	3
493	6
494	1
495	4
496	0
497	5
498	1
499	9
500	4
501	0
502	7
503	5
504	9
505	2
506	3
507	0
508	8
509	1
510	2
511	2
512	3
513	2
514	6
515	2
516	8
517	6
518	5
519	1
520	0
521	3
522	7
523	2
524	8
525	4
526	8
527	4
528	3
529	0
530	3
531	7
532	0
533	3
534	3
535	9
536	2
537	1
538	3
539	2
540	0
541	8
542	4
543	2
544	5
545	1
546	8
547	4
548	0
549	0
550	7
551	1
552	7
553	4
554	8
555	0
556	1
557	3
558	3
559	6
560	9
561	3
562	7
563	6
564	1
565	7
566	5
567	2
568	9
569	5
570	8
571	9
572	9
573	5
574	2
575	8
576	7
577	2
578	8
579	6
580	7
581	7
582	5
583	1
584	4
585	1
586	5
587	0
588	7
589	1
590	8
591	3
592	8
593	9
594	5
595	3
596	3
597	2
598	6
599	0
600	8
601	1
602	9
603	1
604	1
605	1
606	4
607	3
608	8
609	6
610	8
611	6
612	6
613	9
614	3
615	6
616	9
617	7
618	7
619	1
620	1
621	1
622	8
623	4
624	3
625	5
626	9
627	4
628	2
629	0
630	4
631	0
632	9
633	1
634	7
635	2
636	4
637	8
638	9
639	0
640	0
641	0
642	6
643	7
644	9
645	8
646	3
647	0
648	6
649	4
650	7
651	7
652	1
653	0
654	8
655	1
656	4
657	1
658	1
659	4
660	1
661	9
662	2
663	4
664	3
665	4
666	0
667	6
668	5
669	7
670	9
671	4
672	9
673	2
674	9
675	4
676	6
677	9
678	5
679	9
680	8
681	1
682	4
683	9
684	9
685	1
686	6
687	9
688	2
689	1
690	5
691	2
692	8
693	4
694	3
695	9
696	2
697	6
698	1
699	8
700	9
701	0
702	1
703	3
704	7
705	1
706	7
707	1
708	7
709	4
710	3
711	9
712	7
713	0
714	5
715	3
716	3
717	4
718	5
719	6
720	0
721	6
722	0
723	8
724	4
725	7
726	8
727	3
728	2
729	0
730	5
731	1
732	0
733	5
734	5
735	3
736	0
737	8
738	9
739	0
740	6
741	1
742	8
743	6
744	2
745	0
746	3
747	6
748	1
749	6
750	9
751	4
752	4
753	5
754	1
755	6
756	1
757	2
758	9
759	2
760	0
761	3
762	3
763	9
764	0
765	7
766	4
767	2
768	0
769	1
770	9
771	2
772	5
773	3
774	4
775	9
776	9
777	6
778	1
779	3
780	0
781	2
782	1
783	6
784	8
785	7
786	3
787	8
788	3
789	2
790	1
791	5
792	7
793	2
794	1
795	2
796	4
797	8
798	0
799	7
800	5
801	8
802	4
803	0
804	6
805	7
806	0
807	0
808	8
809	8
810	5
811	4
812	9
813	5
814	5
815	6
816	4
817	4
818	4
819	7
820	7
821	9
822	2
823	5
824	0
825	9
826	8
827	2
828	2
829	3
830	2
831	6
832	4
833	6
834	3
835	9
836	8
837	0
838	6
839	3
840	2
841	6
842	2
843	8
844	4
845	3
846	2
847	9
848	4
849	4
850	1
851	7
852	6
853	8
854	6
855	4
856	4
857	7
858	4
859	0
860	0
861	1
862	1
863	6
864	4
865	6
866	4
867	8
868	9
869	9
870	6
871	8
872	9
873	5
874	7
875	6
876	3
877	6
878	0
879	0
880	5
881	9
882	3
883	8
884	0
885	0
886	6
887	5
888	7
889	8
890	0
891	6
892	9
893	4
894	3
895	8
896	8
897	3
898	1
899	0
900	3
901	4
902	1
903	5
904	9
905	1
906	7
907	1
908	8
909	1
910	8
911	6
912	5
913	1
914	7
915	3
916	0
917	2
918	4
919	7
920	6
921	9
922	7
923	5
924	7
925	3
926	6
927	1
928	8
929	5
930	6
931	4
932	4
933	1
934	0
935	5
936	7
937	6
938	9
939	7
940	3
941	0
942	4
943	6
944	5
945	2
946	2
947	7
948	2
949	6
950	5
951	5
952	9
953	0
954	4
955	3
956	4
957	2
958	9
959	7
960	9
961	4
962	7
963	9
964	4
965	8
966	6
967	6
968	3
969	9
970	5
971	6
972	7
973	1
974	4
975	5
976	9
977	7
978	3
979	9
980	4
981	2
982	2
983	1
984	1
985	7
986	6
987	5
988	5
989	0
990	4
991	0
992	3
993	0
994	6
995	6
996	6
997	6
998	9
999	7
1000	8
1001	5
1002	8
1003	8
1004	9
1005	3
1006	8
1007	9
1008	0
1009	6
1010	5
1011	1
1012	9
1013	9
1014	3
1015	6
1016	9
1017	3
1018	9
1019	9
1020	4
1021	6
1022	7
1023	0
1024	1
1025	5
1026	5
1027	8
1028	0
1029	4
1030	0
1031	8
1032	2
1033	1
1034	2
1035	5
1036	1
1037	7
1038	1
1039	5
1040	9
1041	1
1042	8
1043	0
1044	0
1045	2
1046	3
1047	9
1048	6
1049	2
1050	3
1051	0
1052	0
1053	1
1054	1
1055	9
1056	6
1057	2
1058	5
1059	5
1060	4
1061	9
1062	0
1063	0
1064	3
1065	8
1066	4
1067	4
1068	7
1069	2
1070	3
1071	7
1072	9
1073	1
1074	9
1075	5
1076	3
1077	1
1078	9
1079	3
1080	3
1081	8
1082	4
1083	7
1084	9
1085	4
1086	8
1087	7
1088	4
1089	8
1090	7
1091	3
1092	0
1093	8
1094	3
1095	5
1096	9
1097	6
1098	1
1099	8
1100	8
1101	6
1102	9
1103	5
1104	7
1105	6
1106	0
1107	9
1108	1
1109	3
1110	7
1111	4
1112	3
1113	2
1114	6
1115	2
1116	1
1117	2
1118	1
1119	1
1120	8
1121	5
1122	7
1123	8
1124	8
1125	7
1126	6
1127	4
1128	0
1129	4
1130	4
1131	2
1132	9
1133	1
1134	0
1135	3
1136	2
1137	2
1138	9
1139	8
1140	9
1141	1
1142	0
1143	2
1144	5
1145	2
1146	0
1147	5
1148	6
1149	5
1150	4
1151	5
1152	3
1153	0
1154	9
1155	0
1156	3
1157	8
1158	3
1159	4
1160	5
1161	6
1162	4
1163	3
1164	4
1165	2
1166	3
1167	4
1168	5
1169	5
1170	2
1171	2
1172	7
1173	2
1174	1
1175	6
1176	8
1177	2
1178	0
1179	4
1180	7
1181	7
1182	6
1183	9
1184	0
1185	8
1186	5
1187	6
1188	3
1189	1
1190	4
1191	5
1192	9
1193	3
1194	4
1195	2
1196	3
1197	4
1198	6
1199	6
1200	6
1201	3
1202	2
1203	9
1204	2
1205	8
1206	7
1207	5
1208	0
1209	6
1210	1
1211	2
1212	2
1213	2
1214	5
1215	3
1216	4
1217	5
1218	7
1219	0
1220	4
1221	4
1222	9
1223	7
1224	0
1225	0
1226	8
1227	3
1228	5
1229	7
1230	2
1231	7
1232	7
1233	6
1234	6
1235	4
1236	6
1237	2
1238	9
1239	7
1240	3
1241	0
1242	7
1243	5
1244	2
1245	5
1246	6
1247	6
1248	1
1249	6
1250	8
1251	3
1252	7
1253	4
1254	0
1255	0
1256	0
1257	1
1258	2
1259	1
1260	5
1261	8
1262	1
1263	0
1264	6
1265	7
1266	8
1267	9
1268	1
1269	7
1270	2
1271	1
1272	6
1273	4
1274	4
1275	1
1276	1
1277	1
1278	1
1279	4
1280	5
1281	6
1282	6
1283	0
1284	3
1285	9
1286	1
1287	7
1288	5
1289	9
1290	9
1291	8
1292	0
1293	3
1294	1
1295	7
1296	3
1297	7
1298	3
1299	0
1300	9
1301	0
1302	5
1303	7
1304	9
1305	3
1306	2
1307	1
1308	1
1309	6
1310	2
1311	0
1312	9
1313	9
1314	4
1315	1
1316	3
1317	9
1318	9
1319	3
1320	6
1321	8
1322	7
1323	5
1324	0
1325	3
1326	3
1327	8
1328	3
1329	7
1330	8
1331	2
1332	2
1333	3
1334	9
1335	4
1336	0
1337	7
1338	6
1339	1
1340	0
1341	1
1342	8
1343	7
1344	4
1345	3
1346	7
1347	1
1348	6
1349	8
1350	1
1351	7
1352	2
1353	0
1354	1
1355	2
1356	9
1357	4
1358	9
1359	4
1360	3
1361	1
1362	2
1363	8
1364	2
1365	7
1366	8
1367	5
1368	4
1369	6
1370	9
1371	3
1372	7
1373	1
1374	3
1375	3
1376	6
1377	4
1378	1
1379	9
1380	4
1381	8
1382	9
1383	8
1384	5
1385	5
1386	7
1387	9
1388	5
1389	1
1390	3
1391	3
1392	9
1393	5
1394	7
1395	0
1396	1
1397	8
1398	5
1399	6
1400	0
1401	3
1402	4
1403	6
1404	8
1405	1
1406	2
1407	4
1408	6
1409	8
1410	5
1411	4
1412	8
1413	3
1414	9
1415	5
1416	0
1417	7
1418	4
1419	5
1420	6
1421	5
1422	7
1423	5
1424	2
1425	7
1426	4
1427	8
1428	0
1429	7
1430	4
1431	2
1432	2
1433	4
1434	6
1435	8
1436	1
1437	0
1438	4
1439	9
1440	1
1441	5
1442	4
1443	2
1444	9
1445	4
1446	0
1447	7
1448	1
1449	2
1450	8
1451	6
1452	4
1453	3
1454	1
1455	2
1456	6
1457	1
1458	0
1459	4
1460	6
1461	6
1462	7
1463	7
1464	4
1465	9
1466	3
1467	1
1468	0
1469	1
1470	5
1471	3
1472	2
1473	6
1474	8
1475	6
1476	8
1477	8
1478	7
1479	1
1480	6
1481	7
1482	8
1483	3
1484	6
1485	3
1486	9
1487	2
1488	0
1489	1
1490	9
1491	3
1492	8
1493	9
1494	7
1495	2
1496	8
1497	0
1498	0
1499	6
1500	2
1501	0
1502	1
1503	4
1504	4
1505	6
1506	0
1507	7
1508	0
1509	5
1510	3
1511	9
1512	5
1513	6
1514	4
1515	2
1516	7
1517	2
1518	4
1519	7
1520	9
1521	9
1522	1
1523	9
1524	1
1525	7
1526	0
1527	0
1528	1
1529	6
1530	6
1531	8
1532	8
1533	2
1534	4
1535	9
1536	8
1537	8
1538	8
1539	2
1540	5
1541	9
1542	8
1543	5
1544	3
1545	8
1546	9
1547	2
1548	2
1549	1
1550	8
1551	1
1552	4
1553	4
1554	7
1555	7
1556	2
1557	6
1558	7
1559	7
1560	5
1561	4
1562	1
1563	7
1564	5
1565	9
1566	8
1567	3
1568	6
1569	1
1570	2
1571	8
1572	5
1573	7
1574	9
1575	2
1576	4
1577	7
1578	1
1579	7
1580	9
1581	7
1582	3
1583	4
1584	6
1585	8
1586	3
1587	4
1588	2
1589	3
1590	1
1591	6
1592	7
1593	0
1594	4
1595	3
1596	4
1597	4
1598	5
1599	7
1600	5
1601	2
1602	2
1603	6
1604	0
1605	7
1606	8
1607	3
1608	3
1609	4
1610	1
1611	7
1612	4
1613	1
1614	9
1615	8
1616	6
1617	6
1618	7
1619	8
1620	9
1621	6
1622	3
1623	8
1624	9
1625	9
1626	1
1627	0
1628	0
1629	7
1630	1
1631	6
1632	8
1633	5
1634	1
1635	9
1636	6
1637	4
1638	1
1639	5
1640	8
1641	4
1642	5
1643	7
1644	4
1645	6
1646	8
1647	3
1648	4
1649	0
1650	3
1651	4
1652	1
1653	7
1654	7
1655	2
1656	2
1657	9
1658	3
1659	3
1660	0
1661	3
1662	1
1663	1
1664	6
1665	2
1666	6
1667	7
1668	6
1669	5
1670	1
1671	2
1672	0
1673	1
1674	0
1675	5
1676	9
1677	2
1678	0
1679	2
1680	9
1681	6
1682	8
1683	2
1684	6
1685	9
1686	9
1687	4
1688	2
1689	1
1690	0
1691	2
1692	7
1693	2
1694	3
1695	8
1696	8
1697	9
1698	8
1699	5
1700	5
1701	6
1702	5
1703	5
1704	4
1705	2
1706	5
1707	5
1708	7
1709	7
1710	6
1711	5
1712	6
1713	2
1714	3
1715	4
1716	5
1717	4
1718	6
1719	5
1720	2
1721	2
1722	5
1723	8
1724	5
1725	4
1726	6
1727	1
1728	0
1729	1
1730	8
1731	0
1732	5
1733	7
1734	6
1735	2
1736	8
1737	6
1738	4
1739	5
1740	1
1741	2
1742	7
1743	0
1744	7
1745	9
1746	1
1747	2
1748	7
1749	5
1750	9
1751	4
1752	9
1753	7
1754	0
1755	0
1756	0
1757	5
1758	9
1759	2
1760	7
1761	0
1762	2
1763	5
1764	1
1765	4
1766	3
1767	7
1768	8
1769	6
1770	0
1771	7
1772	0
1773	3
1774	3
1775	4
1776	5
1777	6
1778	7
1779	1
1780	0
1781	1
1782	3
1783	1
1784	3
1785	5
1786	4
1787	6
1788	6
1789	0
1790	6
1791	2
1792	5
1793	0
1794	6
1795	3
1796	2
1797	2
1798	3
1799	7
1800	8
1801	5
1802	9
1803	7
1804	9
1805	0
1806	7
1807	0
1808	6
1809	6
1810	2
1811	0
1812	7
1813	5
1814	9
1815	7
1816	2
1817	3
1818	4
1819	4
1820	3
1821	6
1822	1
1823	3
1824	0
1825	3
1826	8
1827	7
1828	6
1829	0
1830	0
1831	6
1832	7
1833	4
1834	9
1835	0
1836	8
1837	4
1838	3
1839	6
1840	3
1841	3
1842	9
1843	9
1844	9
1845	6
1846	8
1847	6
1848	0
1849	3
1850	1
1851	5
1852	5
1853	9
1854	6
1855	5
1856	8
1857	4
1858	3
1859	6
1860	3
1861	2
1862	9
1863	2
1864	3
1865	3
1866	7
1867	4
1868	2
1869	5
1870	7
1871	1
1872	1
1873	8
1874	6
1875	4
1876	0
1877	9
1878	8
1879	1
1880	8
1881	0
1882	5
1883	2
1884	6
1885	5
1886	3
1887	6
1888	1
1889	7
1890	7
1891	0
1892	1
1893	4
1894	2
1895	6
1896	7
1897	5
1898	5
1899	6
1900	7
1901	5
1902	1
1903	8
1904	4
1905	2
1906	2
1907	2
1908	4
1909	8
1910	8
1911	1
1912	0
1913	6
1914	6
1915	2
1916	3
1917	3
1918	8
1919	8
1920	4
1921	2
1922	3
1923	3
1924	4
1925	9
1926	0
1927	5
1928	9
1929	0
1930	9
1931	2
1932	4
1933	0
1934	1
1935	0
1936	9
1937	4
1938	6
1939	1
1940	9
1941	9
1942	1
1943	7
1944	5
1945	9
1946	5
1947	0
1948	2
1949	4
1950	4
1951	6
1952	3
1953	8
1954	3
1955	7
1956	0
1957	2
1958	9
1959	8
1960	4
1961	7
1962	1
1963	7
1964	1
1965	6
1966	0
1967	8
1968	8
1969	8
1970	7
1971	1
1972	4
1973	3
1974	0
1975	1
1976	4
1977	7
1978	0
1979	2
1980	8
1981	7
1982	3
1983	2
1984	8
1985	6
1986	2
1987	3
1988	1
1989	1
1990	9
1991	4
1992	3
1993	0
1994	1
1995	3
1996	7
1997	7
1998	9
1999	4
2000	7
2001	7
2002	5
2003	0
2004	5
2005	7
2006	6
2007	7
2008	1
2009	1
2010	6
2011	7
2012	2
2013	7
2014	6
2015	5
2016	3
2017	6
2018	6
2019	7
2020	1
2021	3
2022	8
2023	7
2024	6
2025	6
2026	8
2027	2
2028	5
2029	4
2030	2
2031	6
2032	5
2033	2
2034	4
2035	0
2036	8
2037	4
2038	3
2039	3
2040	2
2041	6
2042	4
2043	1
2044	4
2045	5
2046	7
2047	4
2048	7
2049	1
2050	2
2051	8
2052	2
2053	4
2054	7
2055	2
2056	4
2057	8
2058	4
2059	6
2060	5
2061	9
2062	9
2063	8
2064	7
2065	4
2066	9
2067	5
2068	4
2069	3
2070	1
2071	6
2072	7
2073	8
2074	6
2075	2
2076	7
2077	4
2078	1
2079	4
2080	2
2081	4
2082	9
2083	3
2084	0
2085	3
2086	4
2087	6
2088	4
2089	1
2090	9
2091	3
2092	6
2093	4
2094	9
2095	6
2096	0
2097	8
2098	5
2099	6
2100	7
2101	7
2102	4
2103	3
2104	4
2105	0
2106	7
2107	6
2108	9
2109	6
2110	8
2111	6
2112	4
2113	5
2114	0
2115	5
2116	9
2117	0
2118	8
2119	3
2120	5
2121	1
2122	4
2123	7
2124	5
2125	4
2126	1
2127	5
2128	0
2129	3
2130	6
2131	0
2132	7
2133	5
2134	4
2135	9
2136	7
2137	8
2138	5
2139	2
2140	9
2141	2
2142	1
2143	6
2144	9
2145	8
2146	6
2147	3
2148	1
2149	0
2150	8
2151	9
2152	4
2153	7
2154	4
2155	0
2156	3
2157	2
2158	8
2159	7
2160	8
2161	8
2162	0
2163	2
2164	4
2165	9
2166	7
2167	3
2168	2
2169	9
2170	0
2171	5
2172	2
2173	6
2174	9
2175	0
2176	8
2177	5
2178	1
2179	9
2180	2
2181	2
2182	6
2183	4
2184	5
2185	2
2186	2
2187	7
2188	2
2189	0
2190	7
2191	5
2192	3
2193	7
2194	2
2195	6
2196	3
2197	4
2198	0
2199	8
2200	3
2201	4
2202	5
2203	7
2204	5
2205	8
2206	9
2207	8
2208	8
2209	2
2210	8
2211	1
2212	5
2213	6
2214	3
2215	1
2216	2
2217	5
2218	4
2219	2
2220	0
2221	8
2222	4
2223	1
2224	6
2225	4
2226	9
2227	9
2228	7
2229	8
2230	1
2231	5
2232	5
2233	0
2234	4
2235	5
2236	8
2237	9
2238	9
2239	7
2240	0
2241	6
2242	7
2243	0
2244	6
2245	3
2246	4
2247	5
2248	9
2249	7
2250	0
2251	9
2252	3
2253	3
2254	4
2255	6
2256	4
2257	8
2258	6
2259	0
2260	0
2261	7
2262	1
2263	3
2264	0
2265	6
2266	1
2267	2
2268	7
2269	2
2270	5
2271	5
2272	6
2273	3
2274	6
2275	0
2276	2
2277	1
2278	6
2279	6
2280	4
2281	8
2282	1
2283	4
2284	7
2285	6
2286	9
2287	3
2288	7
2289	7
2290	7
2291	6
2292	6
2293	1
2294	5
2295	8
2296	6
2297	5
2298	1
2299	2
2300	4
2301	2
2302	0
2303	7
2304	9
2305	7
2306	6
2307	8
2308	1
2309	6
2310	2
2311	5
2312	4
2313	7
2314	6
2315	6
2316	2
2317	0
2318	9
2319	7
2320	3
2321	7
2322	4
2323	9
2324	2
2325	8
2326	2
2327	1
2328	5
2329	0
2330	9
2331	6
2332	6
2333	4
2334	7
2335	5
2336	7
2337	3
2338	3
2339	8
2340	6
2341	2
2342	6
2343	2
2344	1
2345	3
2346	9
2347	3
2348	8
2349	8
2350	4
2351	1
2352	3
2353	6
2354	7
2355	7
2356	3
2357	9
2358	0
2359	9
2360	7
2361	6
2362	6
2363	2
2364	9
2365	8
2366	0
2367	7
2368	8
2369	4
2370	0
2371	1
2372	0
2373	8
2374	0
2375	1
2376	9
2377	9
2378	5
2379	7
2380	6
2381	3
2382	3
2383	7
2384	7
2385	4
2386	0
2387	6
2388	6
2389	7
2390	1
2391	7
2392	1
2393	6
2394	3
2395	2
2396	1
2397	6
2398	9
2399	0
2400	9
2401	6
2402	2
2403	2
2404	0
2405	5
2406	2
2407	3
2408	3
2409	9
2410	2
2411	3
2412	5
2413	7
2414	7
2415	2
2416	7
2417	9
2418	8
2419	4
2420	1
2421	1
2422	1
2423	5
2424	0
2425	1
2426	1
2427	5
2428	7
2429	7
2430	1
2431	0
2432	7
2433	6
2434	2
2435	7
2436	4
2437	6
2438	9
2439	9
2440	7
2441	0
2442	6
2443	8
2444	2
2445	1
2446	7
2447	9
2448	8
2449	7
2450	1
2451	9
2452	3
2453	2
2454	7
2455	0
2456	6
2457	8
2458	0
2459	1
2460	4
2461	1
2462	4
2463	1
2464	8
2465	2
2466	8
2467	1
2468	5
2469	8
2470	8
2471	1
2472	2
2473	1
2474	5
2475	1
2476	1
2477	4
2478	9
2479	3
2480	7
2481	2
2482	5
2483	6
2484	9
2485	1
2486	2
2487	5
2488	4
2489	7
2490	0
2491	0
2492	9
2493	8
2494	6
2495	9
2496	7
2497	9
2498	5
2499	5
2500	7
2501	4
2502	9
2503	8
2504	0
2505	9
2506	0
2507	1
2508	0
2509	0
2510	3
2511	0
2512	5
2513	5
2514	0
2515	8
2516	0
2517	4
2518	8
2519	8
2520	8
2521	5
2522	8
2523	3
2524	8
2525	4
2526	9
2527	2
2528	2
2529	3
2530	1
2531	1
2532	9
2533	9
2534	4
2535	5
2536	7
2537	3
2538	6
2539	1
2540	6
2541	2
2542	9
2543	1
2544	0
2545	9
2546	1
2547	8
2548	5
2549	8
2550	0
2551	6
2552	1
2553	9
2554	6
2555	8
2556	5
2557	8
2558	2
2559	8
2560	9
2561	9
2562	5
2563	8
2564	0
2565	1
2566	5
2567	4
2568	1
2569	1
2570	7
2571	7
2572	5
2573	3
2574	5
2575	6
2576	6
2577	5
2578	6
2579	4
2580	0
2581	0
2582	5
2583	0
2584	0
2585	4
2586	8
2587	1
2588	3
2589	6
2590	9
2591	8
2592	7
2593	4
2594	2
2595	1
2596	4
2597	4
2598	6
2599	5
2600	6
2601	9
2602	8
2603	5
2604	6
2605	2
2606	6
2607	5
2608	5
2609	2
2610	5
2611	7
2612	6
2613	4
2614	5
2615	6
2616	3
2617	7
2618	4
2619	7
2620	8
2621	3
2622	0
2623	3
2624	4
2625	3
2626	5
2627	5
2628	3
2629	9
2630	4
2631	2
2632	8
2633	9
2634	8
2635	2
2636	9
2637	1
2638	5
2639	4
2640	7
2641	1
2642	0
2643	3
2644	0
2645	8
2646	0
2647	5
2648	4
2649	7
2650	2
2651	4
2652	8
2653	6
2654	3
2655	7
2656	8
2657	9
2658	7
2659	1
2660	8
2661	3
2662	8
2663	9
2664	1
2665	3
2666	1
2667	6
2668	1
2669	1
2670	1
2671	3
2672	2
2673	1
2674	7
2675	4
2676	3
2677	8
2678	0
2679	5
2680	8
2681	2
2682	6
2683	9
2684	8
2685	9
2686	3
2687	9
2688	3
2689	8
2690	7
2691	8
2692	6
2693	6
2694	2
2695	2
2696	9
2697	4
2698	9
2699	9
2700	3
2701	7
2702	3
2703	5
2704	2
2705	1
2706	2
2707	0
2708	3
2709	8
2710	1
2711	4
2712	5
2713	0
2714	2
2715	1
2716	3
2717	8
2718	6
2719	6
2720	7
2721	5
2722	1
2723	6
2724	8
2725	2
2726	8
2727	2
2728	4
2729	2
2730	4
2731	9
2732	9
2733	1
2734	9
2735	4
2736	5
2737	8
2738	7
2739	7
2740	9
2741	3
2742	5
2743	3
2744	1
2745	8
2746	0
2747	8
2748	1
2749	6
2750	6
2751	2
2752	8
2753	8
2754	5
2755	5
2756	6
2757	4
2758	8
2759	6
2760	6
2761	2
2762	7
2763	5
2764	7
2765	6
2766	4
2767	8
2768	0
2769	0
2770	7
2771	4
2772	7
2773	0
2774	4
2775	5
2776	7
2777	3
2778	1
2779	3
2780	8
2781	8
2782	1
2783	5
2784	0
2785	8
2786	5
2787	4
2788	0
2789	6
2790	7
2791	6
2792	0
2793	6
2794	5
2795	3
2796	4
2797	7
2798	3
2799	3
2800	2
2801	9
2802	7
2803	7
2804	6
2805	6
2806	2
2807	5
2808	5
2809	4
2810	5
2811	5
2812	0
2813	3
2814	0
2815	5
2816	3
2817	3
2818	5
2819	9
2820	5
2821	6
2822	1
2823	4
2824	8
2825	7
2826	9
2827	2
2828	6
2829	9
2830	4
2831	1
2832	7
2833	0
2834	9
2835	5
2836	6
2837	9
2838	5
2839	0
2840	1
2841	0
2842	2
2843	9
2844	0
2845	5
2846	8
2847	0
2848	6
2849	3
2850	2
2851	0
2852	1
2853	2
2854	1
2855	3
2856	6
2857	1
2858	9
2859	8
2860	8
2861	8
2862	5
2863	6
2864	3
2865	7
2866	0
2867	5
2868	2
2869	5
2870	4
2871	7
2872	1
2873	6
2874	3
2875	4
2876	5
2877	7
2878	3
2879	9
2880	7
2881	8
2882	4
2883	9
2884	8
2885	4
2886	5
2887	1
2888	1
2889	9
2890	2
2891	3
2892	4
2893	5
2894	2
2895	0
2896	4
2897	0
2898	2
2899	1
2900	7
2901	0
2902	2
2903	8
2904	0
2905	0
2906	8
2907	4
2908	1
2909	2
2910	0
2911	8
2912	4
2913	7
2914	6
2915	0
2916	0
2917	1
2918	0
2919	8
2920	9
2921	3
2922	0
2923	1
2924	2
2925	2
2926	1
2927	7
2928	0
2929	7
2930	8
2931	7
2932	2
2933	5
2934	8
2935	3
2936	8
2937	5
2938	4
2939	6
2940	2
2941	7
2942	2
2943	2
2944	6
2945	3
2946	2
2947	5
2948	9
2949	0
2950	3
2951	9
2952	4
2953	4
2954	1
2955	6
2956	2
2957	4
2958	8
2959	2
2960	7
2961	9
2962	5
2963	9
2964	2
2965	3
2966	1
2967	8
2968	2
2969	1
2970	5
2971	0
2972	6
2973	4
2974	2
2975	8
2976	4
2977	9
2978	6
2979	1
2980	6
2981	8
2982	1
2983	0
2984	2
2985	3
2986	8
2987	5
2988	7
2989	9
2990	4
2991	4
2992	0
2993	6
2994	8
2995	3
2996	2
2997	4
2998	1
2999	6
3000	3
3001	3
3002	7
3003	8
3004	5
3005	1
3006	3
3007	3
3008	5
3009	2
3010	9
3011	5
3012	7
3013	4
3014	2
3015	2
3016	5
3017	2
3018	9
3019	0
3020	1
3021	4
3022	4
3023	4
3024	8
3025	1
3026	6
3027	5
3028	0
3029	0
3030	8
3031	0
3032	7
3033	4
3034	9
3035	2
3036	6
3037	5
3038	8
3039	4
3040	8
3041	5
3042	6
3043	2
3044	4
3045	5
3046	5
3047	9
3048	8
3049	8
3050	1
3051	2
3052	7
3053	3
3054	3
3055	7
3056	9
3057	9
3058	3
3059	8
3060	7
3061	5
3062	3
3063	9
3064	0
3065	2
3066	0
3067	8
3068	3
3069	3
3070	0
3071	8
3072	1
3073	6
3074	3
3075	6
3076	4
3077	4
3078	8
3079	8
3080	9
3081	2
3082	3
3083	5
3084	9
3085	7
3086	3
3087	3
3088	5
3089	6
3090	0
3091	5
3092	0
3093	5
3094	3
3095	6
3096	5
3097	1
3098	0
3099	0
3100	8
3101	6
3102	6
3103	5
3104	7
3105	1
3106	5
3107	5
3108	6
3109	4
3110	5
3111	2
3112	0
3113	9
3114	6
3115	7
3116	1
3117	6
3118	1
3119	7
3120	0
3121	8
3122	2
3123	8
3124	6
3125	8
3126	2
3127	9
3128	3
3129	5
3130	5
3131	4
3132	3
3133	2
3134	6
3135	0
3136	4
3137	2
3138	4
3139	3
3140	5
3141	2
3142	5
3143	8
3144	4
3145	6
3146	1
3147	2
3148	6
3149	4
3150	1
3151	4
3152	3
3153	7
3154	2
3155	1
3156	3
3157	6
3158	4
3159	8
3160	4
3161	9
3162	8
3163	4
3164	2
3165	7
3166	0
3167	7
3168	7
3169	1
3170	3
3171	4
3172	1
3173	6
3174	5
3175	0
3176	4
3177	1
3178	6
3179	0
3180	7
3181	2
3182	2
3183	5
3184	4
3185	7
3186	2
3187	5
3188	4
3189	6
3190	8
3191	1
3192	9
3193	6
3194	0
3195	2
3196	0
3197	5
3198	8
3199	0
3200	1
3201	6
3202	4
3203	9
3204	7
3205	4
3206	2
3207	6
3208	3
3209	6
3210	7
3211	1
3212	0
3213	5
3214	0
3215	0
3216	6
3217	7
3218	1
3219	4
3220	3
3221	9
3222	9
3223	0
3224	5
3225	5
3226	2
3227	6
3228	1
3229	8
3230	7
3231	2
3232	4
3233	9
3234	2
3235	7
3236	7
3237	3
3238	9
3239	2
3240	9
3241	1
3242	7
3243	4
3244	2
3245	9
3246	8
3247	3
3248	8
3249	6
3250	0
3251	8
3252	5
3253	7
3254	4
3255	8
3256	4
3257	9
3258	7
3259	5
3260	4
3261	7
3262	8
3263	2
3264	2
3265	8
3266	1
3267	2
3268	1
3269	9
3270	5
3271	8
3272	7
3273	4
3274	7
3275	8
3276	9
3277	6
3278	9
3279	0
3280	7
3281	8
3282	7
3283	2
3284	4
3285	1
3286	8
3287	6
3288	8
3289	2
3290	3
3291	5
3292	4
3293	8
3294	0
3295	6
3296	6
3297	6
3298	5
3299	0
3300	0
3301	8
3302	2
3303	6
3304	4
3305	7
3306	1
3307	2
3308	0
3309	2
3310	9
3311	9
3312	1
3313	5
3314	8
3315	5
3316	2
3317	4
3318	4
3319	7
3320	2
3321	4
3322	1
3323	5
3324	1
3325	6
3326	8
3327	6
3328	1
3329	0
3330	0
3331	3
3332	5
3333	1
3334	1
3335	5
3336	0
3337	9
3338	2
3339	6
3340	0
3341	0
3342	0
3343	6
3344	5
3345	7
3346	9
3347	3
3348	6
3349	0
3350	0
3351	2
3352	2
3353	4
3354	4
3355	4
3356	0
3357	6
3358	6
3359	0
3360	0
3361	5
3362	2
3363	3
3364	8
3365	8
3366	6
3367	8
3368	1
3369	9
3370	1
3371	4
3372	7
3373	7
3374	8
3375	9
3376	4
3377	2
3378	8
3379	4
3380	3
3381	3
3382	2
3383	0
3384	9
3385	6
3386	8
3387	2
3388	0
3389	3
3390	1
3391	3
3392	4
3393	9
3394	3
3395	8
3396	4
3397	8
3398	7
3399	3
3400	8
3401	0
3402	9
3403	1
3404	4
3405	9
3406	6
3407	4
3408	5
3409	3
3410	8
3411	2
3412	1
3413	4
3414	9
3415	0
3416	3
3417	1
3418	5
3419	2
3420	6
3421	4
3422	5
3423	1
3424	0
3425	0
3426	6
3427	1
3428	1
3429	4
3430	6
3431	9
3432	4
3433	9
3434	2
3435	6
3436	2
3437	4
3438	1
3439	8
3440	2
3441	2
3442	0
3443	6
3444	6
3445	3
3446	2
3447	7
3448	6
3449	3
3450	9
3451	9
3452	3
3453	3
3454	9
3455	1
3456	0
3457	7
3458	2
3459	7
3460	8
3461	6
3462	0
3463	9
3464	3
3465	3
3466	8
3467	9
3468	2
3469	5
3470	7
3471	9
3472	4
3473	4
3474	6
3475	3
3476	5
3477	7
3478	4
3479	2
3480	1
3481	2
3482	8
3483	4
3484	2
3485	7
3486	7
3487	8
3488	9
3489	7
3490	4
3491	8
3492	0
3493	8
3494	9
3495	3
3496	2
3497	5
3498	0
3499	1
3500	5
3501	8
3502	7
3503	4
3504	0
3505	1
3506	1
3507	2
3508	5
3509	8
3510	0
3511	4
3512	1
3513	2
3514	5
3515	0
3516	5
3517	8
3518	6
3519	6
3520	0
3521	2
3522	9
3523	8
3524	8
3525	3
3526	1
3527	9
3528	8
3529	0
3530	9
3531	0
3532	5
3533	3
3534	2
3535	0
3536	0
3537	4
3538	2
3539	4
3540	7
3541	7
3542	9
3543	4
3544	6
3545	1
3546	6
3547	9
3548	9
3549	9
3550	0
3551	1
3552	0
3553	9
3554	5
3555	4
3556	6
3557	9
3558	4
3559	7
3560	1
3561	4
3562	7
3563	4
3564	9
3565	4
3566	9
3567	5
3568	0
3569	3
3570	3
3571	5
3572	0
3573	3
3574	3
3575	4
3576	4
3577	9
3578	7
3579	2
3580	0
3581	9
3582	4
3583	5
3584	6
3585	8
3586	9
3587	5
3588	1
3589	9
3590	7
3591	6
3592	2
3593	1
3594	0
3595	5
3596	8
3597	0
3598	5
3599	3
3600	2
3601	3
3602	2
3603	3
3604	4
3605	9
3606	2
3607	9
3608	9
3609	8
3610	6
3611	7
3612	1
3613	4
3614	3
3615	0
3616	3
3617	6
3618	7
3619	6
3620	3
3621	0
3622	1
3623	8
3624	2
3625	1
3626	5
3627	9
3628	2
3629	4
3630	0
3631	7
3632	9
3633	7
3634	5
3635	6
3636	2
3637	9
3638	2
3639	0
3640	1
3641	5
3642	4
3643	7
3644	4
3645	2
3646	1
3647	0
3648	7
3649	0
3650	9
3651	6
3652	0
3653	2
3654	4
3655	5
3656	2
3657	9
3658	8
3659	6
3660	9
3661	2
3662	3
3663	1
3664	2
3665	6
3666	6
3667	4
3668	3
3669	8
3670	9
3671	7
3672	1
3673	0
3674	6
3675	5
3676	5
3677	6
3678	4
3679	5
3680	6
3681	6
3682	8
3683	0
3684	1
3685	8
3686	8
3687	1
3688	0
3689	3
3690	7
3691	3
3692	5
3693	4
3694	8
3695	2
3696	3
3697	6
3698	2
3699	5
3700	3
3701	7
3702	2
3703	9
3704	6
3705	8
3706	7
3707	1
3708	0
3709	8
3710	0
3711	9
3712	6
3713	6
3714	5
3715	0
3716	9
3717	3
3718	5
3719	1
3720	1
3721	8
3722	7
3723	6
3724	5
3725	0
3726	0
3727	4
3728	5
3729	1
3730	3
3731	7
3732	4
3733	6
3734	7
3735	1
3736	4
3737	3
3738	4
3739	0
3740	9
3741	1
3742	9
3743	9
3744	4
3745	2
3746	1
3747	3
3748	0
3749	5
3750	5
3751	3
3752	5
3753	8
3754	5
3755	0
3756	2
3757	5
3758	7
3759	5
3760	0
3761	5
3762	2
3763	5
3764	7
3765	6
3766	2
3767	1
3768	9
3769	6
3770	8
3771	5
3772	3
3773	8
3774	8
3775	8
3776	5
3777	4
3778	7
3779	8
3780	2
3781	2
3782	2
3783	8
3784	1
3785	6
3786	3
3787	0
3788	3
3789	2
3790	8
3791	3
3792	4
3793	8
3794	3
3795	7
3796	1
3797	7
3798	8
3799	0
3800	5
3801	2
3802	7
3803	4
3804	1
3805	1
3806	1
3807	4
3808	6
3809	9
3810	8
3811	0
3812	1
3813	8
3814	5
3815	1
3816	0
3817	5
3818	7
3819	1
3820	8
3821	5
3822	4
3823	6
3824	9
3825	2
3826	9
3827	2
3828	9
3829	9
3830	9
3831	8
3832	0
3833	3
3834	8
3835	6
3836	2
3837	3
3838	2
3839	6
3840	5
3841	4
3842	2
3843	3
3844	8
3845	7
3846	3
3847	1
3848	0
3849	9
3850	9
3851	2
3852	8
3853	5
3854	8
3855	8
3856	5
3857	1
3858	7
3859	7
3860	0
3861	6
3862	4
3863	9
3864	0
3865	9
3866	8
3867	3
3868	2
3869	9
3870	1
3871	1
3872	7
3873	6
3874	1
3875	7
3876	5
3877	5
3878	4
3879	2
3880	2
3881	3
3882	5
3883	4
3884	9
3885	1
3886	1
3887	3
3888	1
3889	2
3890	2
3891	2
3892	1
3893	2
3894	3
3895	1
3896	4
3897	6
3898	6
3899	4
3900	2
3901	8
3902	6
3903	8
3904	3
3905	2
3906	0
3907	6
3908	7
3909	7
3910	5
3911	0
3912	5
3913	1
3914	0
3915	1
3916	1
3917	2
3918	6
3919	3
3920	4
3921	4
3922	8
3923	0
3924	5
3925	0
3926	7
3927	5
3928	9
3929	4
3930	8
3931	7
3932	5
3933	0
3934	6
3935	4
3936	8
3937	5
3938	8
3939	8
3940	7
3941	2
3942	4
3943	9
3944	8
3945	3
3946	5
3947	5
3948	7
3949	9
3950	2
3951	2
3952	6
3953	8
3954	1
3955	4
3956	9
3957	2
3958	3
3959	1
3960	1
3961	5
3962	7
3963	7
3964	7
3965	6
3966	8
3967	7
3968	7
3969	1
3970	3
3971	4
3972	0
3973	5
3974	9
3975	0
3976	0
3977	0
3978	2
3979	9
3980	8
3981	7
3982	6
3983	0
3984	5
3985	5
3986	5
3987	5
3988	3
3989	4
3990	1
3991	6
3992	3
3993	3
3994	9
3995	0
3996	9
3997	5
3998	3
3999	0
4000	7
4001	8
4002	4
4003	0
4004	7
4005	5
4006	3
4007	7
4008	0
4009	1
4010	9
4011	5
4012	6
4013	8
4014	9
4015	0
4016	6
4017	2
4018	0
4019	5
4020	9
4021	5
4022	0
4023	7
4024	0
4025	8
4026	5
4027	4
4028	0
4029	5
4030	6
4031	5
4032	2
4033	1
4034	1
4035	1
4036	6
4037	9
4038	5
4039	1
4040	8
4041	7
4042	8
4043	3
4044	0
4045	2
4046	5
4047	2
4048	9
4049	2
4050	7
4051	1
4052	5
4053	5
4054	9
4055	5
4056	1
4057	8
4058	2
4059	8
4060	5
4061	9
4062	4
4063	9
4064	5
4065	7
4066	4
4067	5
4068	0
4069	7
4070	5
4071	4
4072	5
4073	3
4074	4
4075	7
4076	1
4077	5
4078	2
4079	1
4080	3
4081	6
4082	6
4083	8
4084	0
4085	8
4086	8
4087	1
4088	8
4089	8
4090	0
4091	6
4092	5
4093	8
4094	8
4095	2
4096	4
4097	4
4098	3
4099	0
4100	3
4101	3
4102	9
4103	9
4104	1
4105	9
4106	7
4107	7
4108	7
4109	1
4110	2
4111	5
4112	0
4113	9
4114	9
4115	4
4116	0
4117	0
4118	9
4119	9
4120	8
4121	8
4122	7
4123	9
4124	8
4125	5
4126	9
4127	8
4128	4
4129	1
4130	5
4131	3
4132	7
4133	7
4134	2
4135	8
4136	9
4137	4
4138	2
4139	1
4140	9
4141	3
4142	9
4143	3
4144	1
4145	9
4146	7
4147	5
4148	5
4149	2
4150	4
4151	3
4152	2
4153	3
4154	4
4155	3
4156	2
4157	2
4158	5
4159	0
4160	3
4161	6
4162	0
4163	1
4164	6
4165	0
4166	2
4167	9
4168	3
4169	2
4170	8
4171	7
4172	7
4173	2
4174	4
4175	7
4176	1
4177	8
4178	8
4179	5
4180	7
4181	3
4182	4
4183	9
4184	1
4185	6
4186	3
4187	2
4188	3
4189	8
4190	2
4191	4
4192	6
4193	6
4194	3
4195	8
4196	5
4197	7
4198	3
4199	6
4200	9
4201	7
4202	2
4203	1
4204	5
4205	4
4206	0
4207	2
4208	1
4209	9
4210	9
4211	3
4212	4
4213	0
4214	4
4215	3
4216	4
4217	4
4218	6
4219	2
4220	7
4221	6
4222	1
4223	8
4224	8
4225	1
4226	3
4227	0
4228	8
4229	4
4230	6
4231	8
4232	0
4233	7
4234	7
4235	1
4236	9
4237	7
4238	0
4239	6
4240	2
4241	9
4242	3
4243	2
4244	7
4245	0
4246	1
4247	2
4248	2
4249	4
4250	7
4251	0
4252	9
4253	2
4254	0
4255	1
4256	8
4257	9
4258	0
4259	1
4260	4
4261	7
4262	4
4263	6
4264	0
4265	3
4266	6
4267	1
4268	4
4269	6
4270	7
4271	9
4272	2
4273	9
4274	8
4275	6
4276	7
4277	1
4278	8
4279	0
4280	4
4281	9
4282	0
4283	3
4284	2
4285	7
4286	5
4287	5
4288	7
4289	1
4290	6
4291	6
4292	5
4293	8
4294	6
4295	8
4296	1
4297	6
4298	6
4299	1
4300	3
4301	5
4302	1
4303	0
4304	7
4305	4
4306	7
4307	8
4308	3
4309	2
4310	7
4311	1
4312	8
4313	8
4314	8
4315	0
4316	8
4317	6
4318	3
4319	8
4320	5
4321	6
4322	3
4323	8
4324	0
4325	7
4326	6
4327	2
4328	2
4329	3
4330	4
4331	2
4332	3
4333	4
4334	9
4335	0
4336	2
4337	8
4338	1
4339	9
4340	5
4341	4
4342	9
4343	8
4344	0
4345	6
4346	8
4347	5
4348	5
4349	3
4350	6
4351	8
4352	7
4353	4
4354	8
4355	1
4356	8
4357	5
4358	7
4359	6
4360	4
4361	0
4362	3
4363	2
4364	1
4365	3
4366	3
4367	3
4368	9
4369	1
4370	2
4371	4
4372	0
4373	4
4374	8
4375	7
4376	6
4377	2
4378	5
4379	3
4380	0
4381	1
4382	6
4383	3
4384	3
4385	3
4386	9
4387	4
4388	3
4389	4
4390	8
4391	2
4392	5
4393	8
4394	3
4395	2
4396	3
4397	6
4398	6
4399	9
4400	5
4401	6
4402	8
4403	3
4404	7
4405	9
4406	4
4407	0
4408	4
4409	9
4410	6
4411	3
4412	3
4413	0
4414	4
4415	8
4416	4
4417	2
4418	6
4419	2
4420	4
4421	1
4422	1
4423	9
4424	8
4425	5
4426	1
4427	7
4428	6
4429	7
4430	8
4431	0
4432	4
4433	4
4434	5
4435	1
4436	0
4437	4
4438	8
4439	4
4440	3
4441	1
4442	8
4443	8
4444	5
4445	0
4446	7
4447	9
4448	8
4449	3
4450	0
4451	0
4452	5
4453	9
4454	3
4455	0
4456	1
4457	5
4458	3
4459	2
4460	9
4461	2
4462	5
4463	3
4464	2
4465	9
4466	3
4467	4
4468	5
4469	9
4470	1
4471	2
4472	2
4473	5
4474	7
4475	2
4476	9
4477	5
4478	1
4479	1
4480	1
4481	0
4482	1
4483	9
4484	7
4485	2
4486	9
4487	5
4488	1
4489	3
4490	7
4491	8
4492	4
4493	1
4494	8
4495	7
4496	7
4497	6
4498	2
4499	5
4500	2
4501	2
4502	3
4503	2
4504	2
4505	8
4506	3
4507	5
4508	0
4509	4
4510	6
4511	2
4512	1
4513	2
4514	7
4515	7
4516	5
4517	4
4518	1
4519	9
4520	6
4521	0
4522	2
4523	9
4524	5
4525	8
4526	1
4527	2
4528	9
4529	8
4530	8
4531	9
4532	7
4533	0
4534	0
4535	8
4536	9
4537	4
4538	8
4539	6
4540	9
4541	5
4542	4
4543	0
4544	5
4545	7
4546	9
4547	6
4548	8
4549	4
4550	6
4551	2
4552	9
4553	3
4554	4
4555	5
4556	3
4557	2
4558	1
4559	5
4560	5
4561	6
4562	8
4563	2
4564	5
4565	6
4566	8
4567	9
4568	7
4569	4
4570	5
4571	6
4572	1
4573	9
4574	8
4575	3
4576	0
4577	2
4578	0
4579	5
4580	6
4581	8
4582	3
4583	7
4584	6
4585	0
4586	5
4587	9
4588	4
4589	0
4590	2
4591	9
4592	6
4593	2
4594	8
4595	2
4596	5
4597	8
4598	7
4599	7
4600	8
4601	2
4602	6
4603	7
4604	0
4605	6
4606	2
4607	8
4608	1
4609	9
4610	7
4611	9
4612	8
4613	3
4614	5
4615	9
4616	6
4617	2
4618	1
4619	7
4620	9
4621	3
4622	2
4623	9
4624	8
4625	0
4626	4
4627	1
4628	9
4629	6
4630	3
4631	0
4632	2
4633	1
4634	4
4635	9
4636	5
4637	0
4638	9
4639	4
4640	9
4641	0
4642	6
4643	9
4644	0
4645	3
4646	7
4647	4
4648	2
4649	6
4650	0
4651	9
4652	1
4653	0
4654	5
4655	7
4656	2
4657	1
4658	5
4659	0
4660	6
4661	8
4662	3
4663	3
4664	4
4665	7
4666	9
4667	1
4668	0
4669	0
4670	3
4671	6
4672	1
4673	2
4674	5
4675	0
4676	5
4677	2
4678	7
4679	9
4680	1
4681	7
4682	3
4683	1
4684	6
4685	7
4686	4
4687	5
4688	9
4689	8
4690	1
4691	1
4692	5
4693	2
4694	4
4695	2
4696	9
4697	3
4698	2
4699	8
4700	9
4701	4
4702	3
4703	3
4704	3
4705	9
4706	3
4707	1
4708	2
4709	5
4710	6
4711	7
4712	3
4713	1
4714	4
4715	3
4716	5
4717	7
4718	2
4719	6
4720	7
4721	2
4722	8
4723	4
4724	4
4725	4
4726	2
4727	4
4728	5
4729	1
4730	5
4731	6
4732	2
4733	9
4734	2
4735	2
4736	6
4737	4
4738	3
4739	5
4740	4
4741	6
4742	3
4743	3
4744	1
4745	4
4746	2
4747	7
4748	9
4749	6
4750	3
4751	4
4752	7
4753	8
4754	9
4755	3
4756	7
4757	5
4758	2
4759	3
4760	7
4761	9
4762	8
4763	9
4764	2
4765	4
4766	6
4767	7
4768	9
4769	1
4770	1
4771	9
4772	8
4773	6
4774	4
4775	4
4776	3
4777	6
4778	4
4779	6
4780	3
4781	6
4782	7
4783	9
4784	2
4785	1
4786	8
4787	5
4788	4
4789	7
4790	2
4791	6
4792	6
4793	5
4794	5
4795	7
4796	8
4797	8
4798	8
4799	5
4800	5
4801	7
4802	3
4803	2
4804	1
4805	5
4806	1
4807	8
4808	3
4809	7
4810	2
4811	2
4812	6
4813	5
4814	3
4815	0
4816	0
4817	9
4818	0
4819	6
4820	5
4821	9
4822	0
4823	7
4824	5
4825	0
4826	6
4827	0
4828	7
4829	2
4830	6
4831	7
4832	1
4833	3
4834	5
4835	7
4836	7
4837	7
4838	3
4839	5
4840	9
4841	3
4842	2
4843	9
4844	7
4845	0
4846	2
4847	2
4848	8
4849	4
4850	0
4851	5
4852	9
4853	3
4854	0
4855	0
4856	2
4857	9
4858	6
4859	5
4860	8
4861	2
4862	2
4863	5
4864	7
4865	2
4866	5
4867	4
4868	3
4869	8
4870	4
4871	3
4872	8
4873	8
4874	4
4875	3
4876	4
4877	0
4878	7
4879	2
4880	1
4881	3
4882	5
4883	1
4884	5
4885	2
4886	0
4887	7
4888	8
4889	9
4890	0
4891	6
4892	2
4893	7
4894	9
4895	3
4896	7
4897	1
4898	2
4899	6
4900	1
4901	1
4902	9
4903	4
4904	7
4905	9
4906	7
4907	6
4908	9
4909	1
4910	5
4911	6
4912	4
4913	4
4914	2
4915	5
4916	6
4917	6
4918	8
4919	4
4920	1
4921	7
4922	1
4923	1
4924	5
4925	7
4926	8
4927	3
4928	3
4929	0
4930	1
4931	5
4932	9
4933	4
4934	8
4935	9
4936	4
4937	8
4938	9
4939	2
4940	5
4941	6
4942	9
4943	6
4944	6
4945	8
4946	5
4947	7
4948	3
4949	8
4950	2
4951	9
4952	9
4953	7
4954	2
4955	3
4956	2
4957	1
4958	8
4959	9
4960	1
4961	1
4962	0
4963	0
4964	2
4965	7
4966	1
4967	6
4968	0
4969	7
4970	3
4971	8
4972	6
4973	4
4974	1
4975	7
4976	2
4977	7
4978	6
4979	8
4980	6
4981	1
4982	4
4983	3
4984	1
4985	1
4986	1
4987	6
4988	4
4989	7
4990	7
4991	3
4992	7
4993	6
4994	0
4995	1
4996	6
4997	5
4998	5
4999	9
5000	9
5001	9
5002	3
5003	6
5004	8
5005	4
5006	8
5007	3
5008	3
5009	4
5010	3
5011	7
5012	5
5013	4
5014	8
5015	8
5016	0
5017	5
5018	3
5019	2
5020	0
5021	2
5022	0
5023	7
5024	0
5025	7
5026	5
5027	6
5028	6
5029	5
5030	2
5031	0
5032	0
5033	3
5034	7
5035	9
5036	8
5037	5
5038	9
5039	2
5040	3
5041	8
5042	9
5043	2
5044	3
5045	1
5046	2
5047	9
5048	2
5049	3
5050	1
5051	6
5052	7
5053	4
5054	8
5055	2
5056	0
5057	3
5058	3
5059	7
5060	6
5061	0
5062	1
5063	8
5064	3
5065	4
5066	3
5067	9
5068	9
5069	8
5070	6
5071	8
5072	6
5073	1
5074	4
5075	3
5076	7
5077	3
5078	4
5079	6
5080	4
5081	0
5082	0
5083	0
5084	6
5085	9
5086	9
5087	7
5088	8
5089	7
5090	6
5091	1
5092	5
5093	7
5094	2
5095	7
5096	5
5097	4
5098	8
5099	7
5100	5
5101	3
5102	5
5103	0
5104	5
5105	2
5106	7
5107	0
5108	9
5109	0
5110	1
5111	5
5112	6
5113	5
5114	1
5115	0
5116	2
5117	9
5118	8
5119	4
5120	5
5121	5
5122	0
5123	3
5124	4
5125	9
5126	3
5127	0
5128	5
5129	7
5130	3
5131	8
5132	4
5133	7
5134	7
5135	1
5136	2
5137	5
5138	7
5139	8
5140	6
5141	5
5142	7
5143	9
5144	2
5145	3
5146	3
5147	4
5148	5
5149	0
5150	9
5151	2
5152	4
5153	3
5154	9
5155	6
5156	4
5157	1
5158	8
5159	5
5160	3
5161	6
5162	7
5163	0
5164	4
5165	6
5166	4
5167	1
5168	6
5169	3
5170	1
5171	9
5172	4
5173	4
5174	8
5175	5
5176	5
5177	2
5178	0
5179	2
5180	3
5181	7
5182	2
5183	3
5184	2
5185	9
5186	3
5187	1
5188	2
5189	5
5190	5
5191	1
5192	5
5193	7
5194	6
5195	5
5196	9
5197	1
5198	0
5199	6
5200	8
5201	1
5202	2
5203	1
5204	8
5205	1
5206	1
5207	0
5208	1
5209	9
5210	0
5211	4
5212	9
5213	4
5214	4
5215	2
5216	3
5217	7
5218	8
5219	7
5220	3
5221	1
5222	4
5223	1
5224	5
5225	0
5226	2
5227	0
5228	2
5229	9
5230	2
5231	3
5232	0
5233	3
5234	5
5235	3
5236	8
5237	5
5238	2
5239	0
5240	2
5241	1
5242	0
5243	7
5244	2
5245	2
5246	5
5247	4
5248	6
5249	6
5250	7
5251	5
5252	9
5253	7
5254	3
5255	5
5256	7
5257	9
5258	6
5259	2
5260	6
5261	9
5262	5
5263	3
5264	5
5265	0
5266	0
5267	1
5268	6
5269	8
5270	6
5271	1
5272	9
5273	4
5274	5
5275	3
5276	4
5277	5
5278	4
5279	8
5280	3
5281	7
5282	6
5283	0
5284	4
5285	6
5286	0
5287	0
5288	0
5289	5
5290	9
5291	5
5292	6
5293	7
5294	6
5295	8
5296	2
5297	8
5298	8
5299	7
5300	0
5301	2
5302	4
5303	1
5304	1
5305	3
5306	1
5307	8
5308	4
5309	7
5310	0
5311	4
5312	3
5313	7
5314	7
5315	2
5316	3
5317	0
5318	6
5319	2
5320	2
5321	1
5322	3
5323	8
5324	5
5325	8
5326	1
5327	4
5328	7
5329	7
5330	6
5331	4
5332	6
5333	3
5334	9
5335	0
5336	3
5337	6
5338	6
5339	3
5340	6
5341	8
5342	9
5343	3
5344	9
5345	5
5346	5
5347	8
5348	0
5349	2
5350	7
5351	7
5352	7
5353	6
5354	4
5355	2
5356	5
5357	5
5358	8
5359	7
5360	2
5361	6
5362	4
5363	9
5364	9
5365	6
5366	2
5367	4
5368	9
5369	1
5370	0
5371	0
5372	5
5373	5
5374	4
5375	7
5376	6
5377	0
5378	6
5379	0
5380	1
5381	1
5382	5
5383	6
5384	8
5385	3
5386	6
5387	2
5388	9
5389	9
5390	8
5391	8
5392	6
5393	7
5394	2
5395	7
5396	7
5397	9
5398	9
5399	5
5400	7
5401	6
5402	2
5403	4
5404	8
5405	9
5406	7
5407	0
5408	7
5409	8
5410	5
5411	0
5412	7
5413	7
5414	6
5415	8
5416	5
5417	4
5418	2
5419	4
5420	8
5421	6
5422	2
5423	5
5424	8
5425	5
5426	9
5427	9
5428	5
5429	0
5430	4
5431	8
5432	7
5433	6
5434	5
5435	7
5436	0
5437	7
5438	1
5439	9
5440	6
5441	2
5442	3
5443	0
5444	4
5445	7
5446	3
5447	9
5448	2
5449	6
5450	5
5451	2
5452	0
5453	7
5454	3
5455	4
5456	7
5457	5
5458	1
5459	5
5460	6
5461	2
5462	9
5463	5
5464	4
5465	4
5466	9
5467	9
5468	2
5469	4
5470	8
5471	0
5472	8
5473	2
5474	9
5475	7
5476	6
5477	5
5478	9
5479	8
5480	3
5481	1
5482	5
5483	8
5484	6
5485	8
5486	0
5487	3
5488	0
5489	9
5490	1
5491	2
5492	2
5493	4
5494	7
5495	8
5496	6
5497	3
5498	6
5499	8
5500	0
5501	6
5502	7
5503	1
5504	7
5505	1
5506	9
5507	3
5508	1
5509	1
5510	2
5511	1
5512	5
5513	9
5514	8
5515	0
5516	9
5517	6
5518	7
5519	3
5520	1
5521	8
5522	8
5523	3
5524	4
5525	1
5526	7
5527	8
5528	3
5529	6
5530	9
5531	9
5532	5
5533	2
5534	1
5535	0
5536	4
5537	0
5538	2
5539	7
5540	8
5541	2
5542	2
5543	2
5544	1
5545	0
5546	7
5547	4
5548	1
5549	5
5550	9
5551	8
5552	3
5553	1
5554	0
5555	2
5556	2
5557	0
5558	7
5559	4
5560	3
5561	1
5562	0
5563	3
5564	0
5565	0
5566	2
5567	4
5568	7
5569	6
5570	3
5571	7
5572	5
5573	1
5574	6
5575	7
5576	1
5577	8
5578	8
5579	8
5580	2
5581	8
5582	3
5583	7
5584	9
5585	2
5586	6
5587	0
5588	1
5589	3
5590	7
5591	5
5592	7
5593	4
5594	0
5595	3
5596	9
5597	7
5598	2
5599	5
5600	3
5601	7
5602	8
5603	9
5604	8
5605	1
5606	3
5607	0
5608	8
5609	4
5610	5
5611	1
5612	1
5613	1
5614	9
5615	6
5616	9
5617	2
5618	8
5619	3
5620	6
5621	0
5622	9
5623	5
5624	8
5625	3
5626	4
5627	6
5628	7
5629	9
5630	5
5631	9
5632	5
5633	0
5634	7
5635	8
5636	7
5637	4
5638	8
5639	1
5640	8
5641	7
5642	5
5643	1
5644	7
5645	6
5646	9
5647	1
5648	0
5649	0
5650	6
5651	9
5652	0
5653	8
5654	7
5655	1
5656	9
5657	9
5658	1
5659	3
5660	8
5661	0
5662	4
5663	5
5664	0
5665	3
5666	0
5667	0
5668	2
5669	0
5670	3
5671	2
5672	7
5673	0
5674	1
5675	1
5676	1
5677	0
5678	9
5679	5
5680	1
5681	3
5682	4
5683	8
5684	4
5685	0
5686	2
5687	0
5688	2
5689	7
5690	0
5691	1
5692	5
5693	6
5694	4
5695	9
5696	9
5697	0
5698	4
5699	0
5700	3
5701	9
5702	0
5703	6
5704	4
5705	6
5706	9
5707	2
5708	7
5709	7
5710	3
5711	0
5712	0
5713	9
5714	4
5715	8
5716	4
5717	0
5718	0
5719	8
5720	4
5721	5
5722	0
5723	4
5724	8
5725	1
5726	5
5727	8
5728	3
5729	8
5730	1
5731	4
5732	4
5733	7
5734	3
5735	1
5736	8
5737	2
5738	2
5739	3
5740	9
5741	1
5742	0
5743	1
5744	4
5745	4
5746	3
5747	1
5748	5
5749	8
5750	3
5751	1
5752	1
5753	8
5754	1
5755	7
5756	9
5757	3
5758	4
5759	4
5760	3
5761	8
5762	5
5763	9
5764	2
5765	6
5766	5
5767	7
5768	7
5769	2
5770	2
5771	8
5772	8
5773	0
5774	4
5775	0
5776	8
5777	9
5778	5
5779	6
5780	9
5781	0
5782	3
5783	6
5784	5
5785	8
5786	9
5787	3
5788	4
5789	2
5790	1
5791	0
5792	9
5793	7
5794	8
5795	9
5796	8
5797	9
5798	7
5799	4
5800	3
5801	7
5802	7
5803	2
5804	4
5805	7
5806	8
5807	9
5808	8
5809	7
5810	1
5811	3
5812	4
5813	6
5814	0
5815	2
5816	4
5817	9
5818	7
5819	5
5820	7
5821	6
5822	6
5823	6
5824	0
5825	3
5826	2
5827	8
5828	4
5829	8
5830	8
5831	7
5832	3
5833	0
5834	6
5835	5
5836	9
5837	1
5838	6
5839	5
5840	5
5841	0
5842	3
5843	8
5844	6
5845	3
5846	7
5847	4
5848	7
5849	6
5850	8
5851	2
5852	0
5853	7
5854	7
5855	3
5856	9
5857	9
5858	4
5859	5
5860	3
5861	6
5862	9
5863	4
5864	5
5865	3
5866	7
5867	8
5868	1
5869	3
5870	3
5871	7
5872	5
5873	4
5874	1
5875	2
5876	9
5877	4
5878	8
5879	9
5880	6
5881	4
5882	5
5883	9
5884	5
5885	2
5886	8
5887	6
5888	7
5889	5
5890	4
5891	0
5892	1
5893	6
5894	3
5895	3
5896	3
5897	0
5898	3
5899	8
5900	8
5901	5
5902	6
5903	9
5904	2
5905	1
5906	2
5907	6
5908	4
5909	5
5910	1
5911	1
5912	6
5913	8
5914	0
5915	0
5916	4
5917	7
5918	5
5919	8
5920	2
5921	7
5922	8
5923	2
5924	2
5925	9
5926	3
5927	6
5928	5
5929	9
5930	4
5931	7
5932	0
5933	5
5934	5
5935	5
5936	3
5937	3
5938	9
5939	5
5940	6
5941	9
5942	4
5943	2
5944	8
5945	4
5946	4
5947	3
5948	8
5949	0
5950	2
5951	5
5952	4
5953	8
5954	7
5955	1
5956	3
5957	0
5958	4
5959	0
5960	5
5961	6
5962	4
5963	4
5964	7
5965	9
5966	4
5967	2
5968	1
5969	9
5970	5
5971	8
5972	3
5973	8
5974	4
5975	6
5976	3
5977	0
5978	5
5979	8
5980	5
5981	8
5982	2
5983	8
5984	0
5985	7
5986	2
5987	3
5988	6
5989	4
5990	0
5991	3
5992	9
5993	4
5994	7
5995	6
5996	3
5997	9
5998	3
5999	4
6000	9
6001	4
6002	2
6003	8
6004	6
6005	4
6006	7
6007	7
6008	1
6009	5
6010	3
6011	2
6012	0
6013	4
6014	1
6015	4
6016	7
6017	0
6018	0
6019	1
6020	1
6021	4
6022	8
6023	7
6024	5
6025	9
6026	0
6027	1
6028	0
6029	5
6030	3
6031	1
6032	8
6033	3
6034	4
6035	1
6036	1
6037	0
6038	5
6039	6
6040	0
6041	0
6042	5
6043	6
6044	0
6045	3
6046	3
6047	9
6048	5
6049	3
6050	2
6051	4
6052	2
6053	2
6054	4
6055	6
6056	3
6057	3
6058	7
6059	1
6060	2
6061	0
6062	2
6063	9
6064	7
6065	4
6066	1
6067	2
6068	9
6069	5
6070	8
6071	1
6072	0
6073	9
6074	3
6075	2
6076	2
6077	0
6078	9
6079	1
6080	7
6081	9
6082	9
6083	4
6084	8
6085	8
6086	6
6087	2
6088	7
6089	0
6090	8
6091	0
6092	8
6093	0
6094	9
6095	1
6096	3
6097	9
6098	9
6099	3
6100	0
6101	7
6102	2
6103	6
6104	7
6105	4
6106	0
6107	1
6108	3
6109	5
6110	4
6111	5
6112	9
6113	6
6114	3
6115	3
6116	4
6117	7
6118	5
6119	7
6120	5
6121	6
6122	3
6123	9
6124	5
6125	2
6126	0
6127	0
6128	2
6129	5
6130	8
6131	7
6132	6
6133	2
6134	0
6135	2
6136	4
6137	4
6138	2
6139	3
6140	4
6141	9
6142	5
6143	7
6144	9
6145	0
6146	4
6147	8
6148	5
6149	6
6150	3
6151	9
6152	3
6153	1
6154	7
6155	1
6156	4
6157	3
6158	1
6159	6
6160	7
6161	3
6162	6
6163	8
6164	2
6165	6
6166	7
6167	4
6168	1
6169	5
6170	1
6171	4
6172	8
6173	9
6174	6
6175	7
6176	2
6177	5
6178	7
6179	7
6180	1
6181	3
6182	7
6183	4
6184	0
6185	8
6186	1
6187	1
6188	1
6189	0
6190	8
6191	0
6192	3
6193	3
6194	6
6195	1
6196	9
6197	0
6198	8
6199	1
6200	8
6201	6
6202	2
6203	2
6204	8
6205	9
6206	9
6207	7
6208	5
6209	2
6210	7
6211	6
6212	7
6213	4
6214	0
6215	4
6216	7
6217	5
6218	9
6219	6
6220	1
6221	9
6222	5
6223	6
6224	5
6225	9
6226	1
6227	9
6228	0
6229	6
6230	6
6231	8
6232	4
6233	1
6234	9
6235	9
6236	5
6237	9
6238	1
6239	3
6240	8
6241	7
6242	0
6243	5
6244	4
6245	0
6246	1
6247	8
6248	6
6249	2
6250	6
6251	8
6252	9
6253	9
6254	6
6255	9
6256	1
6257	4
6258	6
6259	4
6260	7
6261	7
6262	1
6263	3
6264	1
6265	2
6266	3
6267	6
6268	0
6269	4
6270	7
6271	3
6272	8
6273	0
6274	9
6275	8
6276	3
6277	1
6278	8
6279	1
6280	1
6281	3
6282	0
6283	9
6284	6
6285	3
6286	3
6287	6
6288	6
6289	5
6290	3
6291	6
6292	2
6293	1
6294	6
6295	5
6296	2
6297	0
6298	3
6299	5
6300	1
6301	9
6302	6
6303	7
6304	2
6305	3
6306	5
6307	9
6308	6
6309	5
6310	0
6311	4
6312	3
6313	9
6314	3
6315	5
6316	9
6317	1
6318	0
6319	2
6320	5
6321	7
6322	4
6323	6
6324	2
6325	8
6326	0
6327	4
6328	0
6329	4
6330	9
6331	9
6332	8
6333	0
6334	3
6335	8
6336	1
6337	2
6338	0
6339	2
6340	7
6341	7
6342	5
6343	4
6344	4
6345	2
6346	0
6347	6
6348	9
6349	5
6350	0
6351	6
6352	5
6353	1
6354	0
6355	7
6356	7
6357	7
6358	3
6359	9
6360	8
6361	4
6362	1
6363	7
6364	8
6365	1
6366	8
6367	2
6368	8
6369	5
6370	6
6371	1
6372	3
6373	4
6374	1
6375	3
6376	0
6377	6
6378	2
6379	9
6380	6
6381	7
6382	1
6383	6
6384	1
6385	1
6386	9
6387	8
6388	2
6389	3
6390	6
6391	1
6392	3
6393	3
6394	3
6395	1
6396	5
6397	2
6398	2
6399	9
6400	0
6401	7
6402	2
6403	3
6404	5
6405	1
6406	0
6407	8
6408	4
6409	5
6410	2
6411	2
6412	9
6413	6
6414	6
6415	2
6416	2
6417	8
6418	1
6419	0
6420	4
6421	5
6422	0
6423	2
6424	9
6425	6
6426	2
6427	9
6428	6
6429	2
6430	2
6431	1
6432	9
6433	7
6434	0
6435	2
6436	5
6437	7
6438	6
6439	9
6440	8
6441	1
6442	6
6443	3
6444	0
6445	9
6446	0
6447	1
6448	1
6449	4
6450	4
6451	4
6452	1
6453	7
6454	1
6455	7
6456	7
6457	3
6458	7
6459	8
6460	0
6461	3
6462	6
6463	1
6464	8
6465	2
6466	3
6467	7
6468	7
6469	0
6470	8
6471	5
6472	4
6473	8
6474	9
6475	5
6476	8
6477	5
6478	1
6479	7
6480	9
6481	4
6482	8
6483	9
6484	5
6485	9
6486	7
6487	0
6488	4
6489	9
6490	8
6491	9
6492	7
6493	4
6494	5
6495	2
6496	9
6497	5
6498	2
6499	0
6500	2
6501	0
6502	4
6503	0
6504	6
6505	7
6506	9
6507	4
6508	8
6509	5
6510	4
6511	7
6512	4
6513	2
6514	6
6515	9
6516	5
6517	9
6518	5
6519	7
6520	5
6521	7
6522	4
6523	0
6524	8
6525	2
6526	6
6527	3
6528	1
6529	5
6530	1
6531	4
6532	9
6533	8
6534	9
6535	0
6536	8
6537	8
6538	6
6539	8
6540	0
6541	6
6542	9
6543	8
6544	0
6545	8
6546	5
6547	8
6548	5
6549	2
6550	7
6551	6
6552	7
6553	6
6554	8
6555	7
6556	9
6557	2
6558	7
6559	0
6560	9
6561	3
6562	5
6563	9
6564	2
6565	1
6566	8
6567	1
6568	9
6569	3
6570	5
6571	2
6572	4
6573	9
6574	3
6575	8
6576	1
6577	3
6578	5
6579	4
6580	7
6581	5
6582	2
6583	5
6584	3
6585	9
6586	2
6587	5
6588	5
6589	9
6590	8
6591	7
6592	7
6593	7
6594	9
6595	3
6596	0
6597	2
6598	2
6599	6
6600	1
6601	5
6602	6
6603	4
6604	9
6605	8
6606	5
6607	2
6608	1
6609	0
6610	1
6611	3
6612	6
6613	9
6614	3
6615	8
6616	6
6617	9
6618	5
6619	9
6620	4
6621	4
6622	2
6623	8
6624	0
6625	3
6626	6
6627	4
6628	3
6629	9
6630	7
6631	3
6632	1
6633	3
6634	5
6635	9
6636	4
6637	9
6638	5
6639	7
6640	4
6641	8
6642	4
6643	0
6644	8
6645	1
6646	0
6647	2
6648	8
6649	7
6650	4
6651	3
6652	6
6653	4
6654	6
6655	5
6656	1
6657	1
6658	1
6659	7
6660	8
6661	2
6662	8
6663	8
6664	6
6665	6
6666	0
6667	2
6668	7
6669	8
6670	6
6671	0
6672	2
6673	4
6674	9
6675	7
6676	0
6677	6
6678	5
6679	8
6680	3
6681	5
6682	2
6683	0
6684	1
6685	0
6686	1
6687	6
6688	1
6689	8
6690	9
6691	7
6692	2
6693	8
6694	3
6695	0
6696	0
6697	4
6698	5
6699	2
6700	8
6701	9
6702	5
6703	6
6704	6
6705	7
6706	8
6707	4
6708	2
6709	9
6710	7
6711	4
6712	7
6713	6
6714	3
6715	1
6716	0
6717	5
6718	5
6719	6
6720	0
6721	4
6722	5
6723	2
6724	8
6725	7
6726	1
6727	0
6728	0
6729	8
6730	9
6731	4
6732	5
6733	8
6734	8
6735	2
6736	3
6737	4
6738	5
6739	2
6740	1
6741	8
6742	1
6743	6
6744	3
6745	4
6746	1
6747	5
6748	8
6749	2
6750	5
6751	4
6752	4
6753	9
6754	9
6755	9
6756	3
6757	8
6758	7
6759	0
6760	7
6761	0
6762	9
6763	8
6764	2
6765	2
6766	6
6767	8
6768	0
6769	6
6770	1
6771	7
6772	9
6773	8
6774	2
6775	3
6776	7
6777	7
6778	5
6779	0
6780	6
6781	2
6782	9
6783	5
6784	6
6785	2
6786	9
6787	2
6788	3
6789	4
6790	5
6791	6
6792	1
6793	7
6794	0
6795	1
6796	7
6797	5
6798	4
6799	6
6800	7
6801	5
6802	9
6803	5
6804	5
6805	0
6806	6
6807	8
6808	4
6809	4
6810	4
6811	4
6812	7
6813	7
6814	4
6815	6
6816	7
6817	5
6818	5
6819	8
6820	1
6821	8
6822	0
6823	5
6824	5
6825	5
6826	6
6827	3
6828	2
6829	2
6830	4
6831	8
6832	8
6833	4
6834	7
6835	0
6836	6
6837	5
6838	8
6839	7
6840	1
6841	7
6842	0
6843	7
6844	8
6845	8
6846	9
6847	4
6848	4
6849	6
6850	2
6851	3
6852	7
6853	2
6854	2
6855	0
6856	2
6857	8
6858	4
6859	9
6860	8
6861	1
6862	5
6863	7
6864	9
6865	0
6866	1
6867	0
6868	8
6869	1
6870	7
6871	2
6872	7
6873	4
6874	9
6875	6
6876	0
6877	3
6878	9
6879	3
6880	4
6881	8
6882	1
6883	5
6884	9
6885	3
6886	7
6887	5
6888	1
6889	5
6890	1
6891	5
6892	4
6893	3
6894	6
6895	2
6896	4
6897	8
6898	5
6899	8
6900	6
6901	8
6902	1
6903	5
6904	4
6905	4
6906	4
6907	7
6908	9
6909	5
6910	0
6911	3
6912	7
6913	3
6914	6
6915	9
6916	4
6917	9
6918	6
6919	1
6920	2
6921	0
6922	7
6923	9
6924	0
6925	9
6926	3
6927	8
6928	6
6929	8
6930	2
6931	1
6932	4
6933	6
6934	2
6935	6
6936	6
6937	9
6938	8
6939	8
6940	6
6941	5
6942	7
6943	3
6944	1
6945	1
6946	9
6947	7
6948	2
6949	7
6950	8
6951	3
6952	5
6953	2
6954	8
6955	5
6956	8
6957	4
6958	6
6959	8
6960	2
6961	5
6962	0
6963	9
6964	3
6965	3
6966	4
6967	0
6968	8
6969	6
6970	3
6971	5
6972	5
6973	1
6974	3
6975	4
6976	5
6977	7
6978	0
6979	2
6980	8
6981	7
6982	8
6983	7
6984	6
6985	1
6986	7
6987	3
6988	0
6989	4
6990	6
6991	7
6992	8
6993	2
6994	1
6995	3
6996	1
6997	2
6998	0
6999	5
