{
    "AWSTemplateFormatVersion": "2010-09-09",
    "Metadata": {
        "AWS::CloudFormation::Designer": {
            "7592c8c4-af55-4784-a455-758a1be905fd": {
                "size": {
                    "width": 60,
                    "height": 60
                },
                "position": {
                    "x": 60,
                    "y": 90
                },
                "z": 1,
                "embeds": [],
                "isassociatedwith": [
                    "8dfb0072-ae8c-4327-95af-3fca17f777d8"
                ],
                "dependson": [
                    "8dfb0072-ae8c-4327-95af-3fca17f777d8"
                ]
            },
            "37ab4da2-d99a-4652-8d96-5fa6f3aa91cc": {
                "size": {
                    "width": 60,
                    "height": 60
                },
                "position": {
                    "x": 180,
                    "y": 90
                },
                "z": 1,
                "embeds": []
            },
            "b138cab9-9b5c-4d0a-a6fc-840c43a15cc1": {
                "size": {
                    "width": 60,
                    "height": 60
                },
                "position": {
                    "x": 60,
                    "y": 210
                },
                "z": 1,
                "embeds": [],
                "isassociatedwith": [
                    "37ab4da2-d99a-4652-8d96-5fa6f3aa91cc"
                ]
            },
            "efa7e652-bc6e-40ad-86a9-bdb4badbf348": {
                "size": {
                    "width": 60,
                    "height": 60
                },
                "position": {
                    "x": 180,
                    "y": 210
                },
                "z": 1,
                "embeds": [],
                "isassociatedwith": [
                    "37ab4da2-d99a-4652-8d96-5fa6f3aa91cc"
                ]
            },
            "8dfb0072-ae8c-4327-95af-3fca17f777d8": {
                "size": {
                    "width": 60,
                    "height": 60
                },
                "position": {
                    "x": 270,
                    "y": 90
                },
                "z": 1,
                "embeds": []
            },
            "d19487a6-b701-4ad0-9e6f-1a1dec5acad1": {
                "size": {
                    "width": 60,
                    "height": 60
                },
                "position": {
                    "x": 270,
                    "y": 210
                },
                "z": 1,
                "embeds": [],
                "isassociatedwith": [
                    "8dfb0072-ae8c-4327-95af-3fca17f777d8"
                ]
            },
            "8c8deafb-d3a7-4422-b581-7e8e19edf14c": {
                "source": {
                    "id": "7592c8c4-af55-4784-a455-758a1be905fd"
                },
                "target": {
                    "id": "8dfb0072-ae8c-4327-95af-3fca17f777d8"
                },
                "z": 11
            }
        }
    },
    "Parameters": {
        "VpcId": {
            "Type": "AWS::EC2::VPC::Id",
            "Description": "VpcId of your existing Virtual Private Cloud (VPC)",
            "ConstraintDescription": "must be the VPC Id of an existing Virtual Private Cloud."
        },
        "SubnetId": {
            "Type": "AWS::EC2::Subnet::Id",
            "Description": "SubnetIds of your existing Virtual Private Cloud (VPC)",
            "ConstraintDescription": "must be the Subnet Id of an existing Virtual Private Cloud."
        }
    },
    "Resources": {
        "WorkerInstance": {
            "Type": "AWS::EC2::Instance",
            "Properties": {
                "Tags": [
                    {
                        "Key": "Name",
                        "Value": "Spark Worker"
                    }
                ],
                "ImageId": "ami-08b43e8f0bed17253",
                "InstanceType": "t2.micro",
                "IamInstanceProfile": {
                    "Ref": "IAMProfile"
                },
                "SubnetId": {
                    "Ref": "SubnetId"
                },
                "SecurityGroupIds": [
                    {
                        "Fn::GetAtt": [
                            "InstanceSecurityGroup",
                            "GroupId"
                        ]
                    }
                ],
                "UserData": {
                    "Fn::Base64": {
                        "Fn::GetAtt": [
                            "MasterInstance",
                            "PrivateIp"
                        ]
                    }
                }
            },
            "DependsOn": [
                "MasterInstance"
            ],
            "Metadata": {
                "AWS::CloudFormation::Designer": {
                    "id": "efa7e652-bc6e-40ad-86a9-bdb4badbf348"
                }
            }
        },
        "MasterInstance": {
            "Type": "AWS::EC2::Instance",
            "Properties": {
                "Tags": [
                    {
                        "Key": "Name",
                        "Value": "Spark Master"
                    }
                ],
                "ImageId": "ami-08b43e8f0bed17253",
                "InstanceType": "t2.micro",
                "IamInstanceProfile": {
                    "Ref": "IAMProfile"
                },
                "SubnetId": {
                    "Ref": "SubnetId"
                },
                "SecurityGroupIds": [
                    {
                        "Fn::GetAtt": [
                            "InstanceSecurityGroup",
                            "GroupId"
                        ]
                    }
                ]
            },
            "Metadata": {
                "AWS::CloudFormation::Designer": {
                    "id": "b138cab9-9b5c-4d0a-a6fc-840c43a15cc1"
                }
            },
            "DependsOn": [
                "IAMProfile"
            ]
        },
        "InstanceSecurityGroup": {
            "Type": "AWS::EC2::SecurityGroup",
            "Properties": {
                "GroupDescription": "Enable access to all ports",
                "VpcId": {
                    "Ref": "VpcId"
                },
                "SecurityGroupIngress": [
                    {
                        "IpProtocol": "tcp",
                        "FromPort": "0",
                        "ToPort": "65535",
                        "CidrIp": "0.0.0.0/0"
                    }
                ]
            },
            "Metadata": {
                "AWS::CloudFormation::Designer": {
                    "id": "37ab4da2-d99a-4652-8d96-5fa6f3aa91cc"
                }
            }
        },
        "IAMProfile": {
            "Type": "AWS::IAM::InstanceProfile",
            "Properties": {
                "Roles": [
                    {
                        "Ref": "S3FullAccessRole"
                    }
                ]
            },
            "Metadata": {
                "AWS::CloudFormation::Designer": {
                    "id": "7592c8c4-af55-4784-a455-758a1be905fd"
                }
            },
            "DependsOn": [
                "S3FullAccessRole"
            ]
        },
        "S3FullAccessPolicy": {
            "Type": "AWS::IAM::Policy",
            "Properties": {
                "PolicyName": "S3FullAccessPolicy",
                "PolicyDocument": {
                    "Statement": [
                        {
                            "Effect": "Allow",
                            "Action": [
                                "s3:*"
                            ],
                            "Resource": "*"
                        }
                    ]
                },
                "Roles": [
                    {
                        "Ref": "S3FullAccessRole"
                    }
                ]
            },
            "Metadata": {
                "AWS::CloudFormation::Designer": {
                    "id": "d19487a6-b701-4ad0-9e6f-1a1dec5acad1"
                }
            }
        },
        "S3FullAccessRole": {
            "Type": "AWS::IAM::Role",
            "Properties": {
                "AssumeRolePolicyDocument": {
                    "Version": "2012-10-17",
                    "Statement": [
                        {
                            "Effect": "Allow",
                            "Principal": {
                                "Service": [
                                    "ec2.amazonaws.com"
                                ]
                            },
                            "Action": [
                                "sts:AssumeRole"
                            ]
                        }
                    ]
                },
                "Path": "/"
            },
            "Metadata": {
                "AWS::CloudFormation::Designer": {
                    "id": "8dfb0072-ae8c-4327-95af-3fca17f777d8"
                }
            }
        }
    },
    "Outputs": {
        "URL": {
            "Value": {
                "Fn::Join": [
                    "",
                    [
                        "http://",
                        {
                            "Fn::GetAtt": [
                                "MasterInstance",
                                "PublicIp"
                            ]
                        }
                    ]
                ]
            },
            "Description": "Jupyter Notebook URL"
        }
    }
}